<?xml version = "1.0" encoding="UTF-8"?>
<galeria>
	<img>
		<nombre>img/1.jpg</nombre>
	</img>
	<img>
		<nombre>img/2.jpg</nombre>
	</img>
    <img>
		<nombre>img/3.jpg</nombre>
	</img>N
	<img>
		<nombre>img/4.jpg</nombre>
	</img>
	<img>
		<nombre>img/5.jpg</nombre>
	</img>
	<img>
		<nombre>img/6.jpg</nombre>
	</img>
	<img>
		<nombre>img/7.jpg</nombre>
	</img>
	<img>
		<nombre>img/8.jpg</nombre>
	</img/>
	<img>
		<nombre>img/9.jpg</nombre>
	</img>
	<img>
		<nombre>img/10.jpg</nombre>
	</img>
    <img>
		<nombre>img/11.jpg</nombre>
	</img>
	<img>
		<nombre>img/12.jpg</nombre>
	</img>
	<img>
		<nombre>img/13.jpg</nombre>
	</img>
	<img>
		<nombre>img/14.jpg</nombre>
	</img>
	<img>
		<nombre>img/15.jpg</nombre>
	</img>
	<img>
		<nombre>img/16.jpg</nombre>
	</img>
	<img>
		<nombre>img/17.jpg</nombre>
	</img>
	<img>
		<nombre>img/18.jpg</nombre>
	</img>
	<img>
		<nombre>img/19.jpg</nombre>
	</img>
    <img>
		<nombre>img/20.jpg</nombre>
	</img>

</galeria>